{
  "minimo": 31141.24,
  "maximo": 640894286.51,
  "amplitude": 640863145.27,
  "moda": 1196912.44,
  "media": 14421442.354564957,
  "mediana": 3440838.33,
  "varianciaAmostral": 1700083516558941.8,
  "varianciaPopulacional": 1699070355941207.0,
  "desvioPadraoAmostral": 41232069.030779205,
  "desvioPadraoPopulacional": 41219781.124372885,
  "coeficienteVariacaoAmostral": 285.9080806000492,
  "coeficienteVariacaoPopulacional": 285.82287479258406,
  "jogoDoMinimo": {
    "appid": 433950,
    "name": "Bit Blaster XL",
    "developer": "Adamvision Studios",
    "publisher": "Adamvision Studios",
    "totalReviews": 6109,
    "price": 0.48,
    "regionalPricing": 9500.72,
    "discounts": 21112.7,
    "refunds": 12667.62,
    "steamCut": 18684.74,
    "tax": 12456.5,
    "netRevenue": 31141.24
  },
  "jogoDoMaximo": {
    "appid": 271590,
    "name": "Grand Theft Auto V",
    "developer": "Rockstar North",
    "publisher": "Rockstar Games",
    "totalReviews": 1509703,
    "price": 29.98,
    "regionalPricing": 195527070.46,
    "discounts": 434504601.02,
    "refunds": 260702760.61,
    "steamCut": 384536571.91,
    "tax": 256357714.6,
    "netRevenue": 640894286.51
  },
  "jogosModa": [
    {
      "appid": 640590,
      "name": "The LEGO NINJAGO Movie Video Game",
      "developer": "Traveller's Tales, TT Games",
      "publisher": "Warner Bros. Interactive Entertainment",
      "totalReviews": 5638,
      "price": 19.99,
      "regionalPricing": 365159.73,
      "discounts": 811466.06,
      "refunds": 486879.64,
      "steamCut": 718147.47,
      "tax": 478764.98,
      "netRevenue": 1196912.44
    },
    {
      "appid": 1261040,
      "name": "Streamer Life Simulator",
      "developer": "Cheesecake Dev",
      "publisher": "Cheesecake Dev",
      "totalReviews": 5638,
      "price": 19.99,
      "regionalPricing": 365159.73,
      "discounts": 811466.06,
      "refunds": 486879.64,
      "steamCut": 718147.47,
      "tax": 478764.98,
      "netRevenue": 1196912.44
    }
  ],
  "jogosMediana": [
    {
      "appid": 746850,
      "name": "Cloudpunk",
      "developer": "ION LANDS",
      "publisher": "ION LANDS, Maple Whispering Limited",
      "totalReviews": 11871,
      "price": 19.99,
      "regionalPricing": 1046498.69,
      "discounts": 2325552.64,
      "refunds": 1395331.59,
      "steamCut": 2058114.09,
      "tax": 1372076.06,
      "netRevenue": 3430190.15
    },
    {
      "appid": 1238820,
      "name": "Battlefield 3",
      "developer": "DICE",
      "publisher": "Electronic Arts",
      "totalReviews": 8127,
      "price": 39.99,
      "regionalPricing": 1052995.89,
      "discounts": 2339990.86,
      "refunds": 1403994.51,
      "steamCut": 2070891.91,
      "tax": 1380594.61,
      "netRevenue": 3451486.51
    }
  ]
}