{
  "moda": 1196912.44,
  "minimo": 31141.24,
  "maximo": 640894286.51,
  "amplitude": 640863145.27,
  "jogoDoMinimo": {
    "appid": 433950,
    "name": "Bit Blaster XL",
    "developer": "Adamvision Studios",
    "publisher": "Adamvision Studios",
    "totalReviews": 6109,
    "price": 0.48,
    "regionalPricing": 9500.72,
    "discounts": 21112.7,
    "refunds": 12667.62,
    "steamCut": 18684.74,
    "tax": 12456.5,
    "netRevenue": 31141.24
  },
  "jogoDoMaximo": {
    "appid": 271590,
    "name": "Grand Theft Auto V",
    "developer": "Rockstar North",
    "publisher": "Rockstar Games",
    "totalReviews": 1509703,
    "price": 29.98,
    "regionalPricing": 195527070.46,
    "discounts": 434504601.02,
    "refunds": 260702760.61,
    "steamCut": 384536571.91,
    "tax": 256357714.6,
    "netRevenue": 640894286.51
  },
  "media": 14421442.354564957,
  "mediana": 3440838.33,
  "desvioPadraoAmostral": 41232069.030779205,
  "desvioPadraoPopulacional": 41219781.124372885,
  "coeficienteVariacaoAmostral": 285.9080806000492,
  "coeficienteVariacaoPopulacional": 285.82287479258406
}